{"cameraMode":{"drawMode":0,"name":"Shaded","section":"Shading Mode"},"sceneLighting":false,"audioPlay":false,"sceneViewState":{"showFog":true,"showMaterialUpdate":false,"showSkybox":false,"showFlares":true,"showImageEffects":true,"showParticleSystems":true},"in2DMode":false,"pivot":{"x":0.29235130548477175,"y":0.03983940929174423,"z":0.011028764769434929},"rotation":{"x":0.19168269634246827,"y":0.014721259474754334,"z":-0.0028754468075931074,"w":0.9813432097434998},"size":0.05612987279891968,"orthographic":false}