{"cameraMode":{"drawMode":0,"name":"Shaded","section":"Shading Mode"},"sceneLighting":false,"audioPlay":false,"sceneViewState":{"showFog":true,"showMaterialUpdate":false,"showSkybox":false,"showFlares":true,"showImageEffects":true,"showParticleSystems":true},"in2DMode":false,"pivot":{"x":-0.32271814346313479,"y":-0.39474600553512576,"z":-0.516796350479126},"rotation":{"x":-0.10065474361181259,"y":0.8952182531356812,"z":-0.25820881128311159,"w":-0.3489733934402466},"size":0.8781837224960327,"orthographic":false}