{"cameraMode":{"drawMode":0,"name":"Shaded","section":"Shading Mode"},"sceneLighting":true,"audioPlay":false,"sceneViewState":{"showFog":true,"showMaterialUpdate":false,"showSkybox":true,"showFlares":true,"showImageEffects":true,"showParticleSystems":true},"in2DMode":false,"pivot":{"x":0.13426008820533753,"y":-0.1683434098958969,"z":0.28752055764198305},"rotation":{"x":-0.00013895703887101263,"y":0.9987000823020935,"z":0.0023964717984199526,"w":0.051259845495224},"size":0.22046025097370149,"orthographic":false}