{"cameraMode":{"drawMode":0,"name":"Shaded","section":"Shading Mode"},"sceneLighting":true,"audioPlay":false,"sceneViewState":{"showFog":true,"showMaterialUpdate":false,"showSkybox":true,"showFlares":true,"showImageEffects":true,"showParticleSystems":true},"in2DMode":false,"pivot":{"x":0.041044410318136218,"y":-0.005096809938549995,"z":0.012368111871182919},"rotation":{"x":-0.001499380450695753,"y":-0.024896055459976198,"z":-0.00003821872815024108,"w":0.9996932744979858},"size":0.637442946434021,"orthographic":true}