{"cameraMode":{"drawMode":0,"name":"Shaded","section":"Shading Mode"},"sceneLighting":false,"audioPlay":false,"sceneViewState":{"showFog":true,"showMaterialUpdate":false,"showSkybox":false,"showFlares":true,"showImageEffects":true,"showParticleSystems":true},"in2DMode":false,"pivot":{"x":0.17721128463745118,"y":-0.1670934557914734,"z":-0.061072662472724918},"rotation":{"x":-0.051272254437208179,"y":0.014378996565937996,"z":0.0007379926973953843,"w":0.9985818862915039},"size":0.8159139752388,"orthographic":true}