{"cameraMode":{"drawMode":0,"name":"Shaded","section":"Shading Mode"},"sceneLighting":false,"audioPlay":false,"sceneViewState":{"showFog":true,"showMaterialUpdate":false,"showSkybox":false,"showFlares":true,"showImageEffects":true,"showParticleSystems":true},"in2DMode":false,"pivot":{"x":0.03350000083446503,"y":-0.019200002774596216,"z":-0.007550023961812258},"rotation":{"x":0.07492208480834961,"y":0.014357157051563263,"z":-0.0010787207866087556,"w":0.9970853924751282},"size":0.10232577472925186,"orthographic":true}